[{"name":"EasyUpiPayment","description":null,"location":"index.html","searchKeys":["EasyUpiPayment"]},{"name":"com.shreyaspatil.easyupipayment","description":null,"location":"-easy-upi-payment/com.shreyaspatil.easyupipayment/index.html","searchKeys":["com.shreyaspatil.easyupipayment"]},{"name":"EasyUpiPayment","description":null,"location":"-easy-upi-payment/com.shreyaspatil.easyupipayment/-easy-upi-payment/index.html","searchKeys":["EasyUpiPayment"]},{"name":"EasyUpiPaymentKt","description":null,"location":"-easy-upi-payment/com.shreyaspatil.easyupipayment/-easy-upi-payment-kt/index.html","searchKeys":["EasyUpiPaymentKt"]},{"name":"com.shreyaspatil.easyupipayment.exception","description":null,"location":"-easy-upi-payment/com.shreyaspatil.easyupipayment.exception/index.html","searchKeys":["com.shreyaspatil.easyupipayment.exception"]},{"name":"AppNotFoundException","description":null,"location":"-easy-upi-payment/com.shreyaspatil.easyupipayment.exception/-app-not-found-exception/index.html","searchKeys":["AppNotFoundException"]},{"name":"com.shreyaspatil.easyupipayment.listener","description":null,"location":"-easy-upi-payment/com.shreyaspatil.easyupipayment.listener/index.html","searchKeys":["com.shreyaspatil.easyupipayment.listener"]},{"name":"PaymentStatusListener","description":null,"location":"-easy-upi-payment/com.shreyaspatil.easyupipayment.listener/-payment-status-listener/index.html","searchKeys":["PaymentStatusListener"]},{"name":"com.shreyaspatil.easyupipayment.model","description":null,"location":"-easy-upi-payment/com.shreyaspatil.easyupipayment.model/index.html","searchKeys":["com.shreyaspatil.easyupipayment.model"]},{"name":"Payment","description":null,"location":"-easy-upi-payment/com.shreyaspatil.easyupipayment.model/-payment/index.html","searchKeys":["Payment"]},{"name":"PaymentApp","description":null,"location":"-easy-upi-payment/com.shreyaspatil.easyupipayment.model/-payment-app/index.html","searchKeys":["PaymentApp"]},{"name":"ALL","description":null,"location":"-easy-upi-payment/com.shreyaspatil.easyupipayment.model/-payment-app/-a-l-l/index.html","searchKeys":["ALL"]},{"name":"AMAZON_PAY","description":null,"location":"-easy-upi-payment/com.shreyaspatil.easyupipayment.model/-payment-app/-a-m-a-z-o-n_-p-a-y/index.html","searchKeys":["AMAZON_PAY"]},{"name":"BHIM_UPI","description":null,"location":"-easy-upi-payment/com.shreyaspatil.easyupipayment.model/-payment-app/-b-h-i-m_-u-p-i/index.html","searchKeys":["BHIM_UPI"]},{"name":"GOOGLE_PAY","description":null,"location":"-easy-upi-payment/com.shreyaspatil.easyupipayment.model/-payment-app/-g-o-o-g-l-e_-p-a-y/index.html","searchKeys":["GOOGLE_PAY"]},{"name":"PAYTM","description":null,"location":"-easy-upi-payment/com.shreyaspatil.easyupipayment.model/-payment-app/-p-a-y-t-m/index.html","searchKeys":["PAYTM"]},{"name":"PHONE_PE","description":null,"location":"-easy-upi-payment/com.shreyaspatil.easyupipayment.model/-payment-app/-p-h-o-n-e_-p-e/index.html","searchKeys":["PHONE_PE"]},{"name":"TransactionDetails","description":null,"location":"-easy-upi-payment/com.shreyaspatil.easyupipayment.model/-transaction-details/index.html","searchKeys":["TransactionDetails"]},{"name":"TransactionStatus","description":null,"location":"-easy-upi-payment/com.shreyaspatil.easyupipayment.model/-transaction-status/index.html","searchKeys":["TransactionStatus"]},{"name":"FAILURE","description":null,"location":"-easy-upi-payment/com.shreyaspatil.easyupipayment.model/-transaction-status/-f-a-i-l-u-r-e/index.html","searchKeys":["FAILURE"]},{"name":"SUBMITTED","description":null,"location":"-easy-upi-payment/com.shreyaspatil.easyupipayment.model/-transaction-status/-s-u-b-m-i-t-t-e-d/index.html","searchKeys":["SUBMITTED"]},{"name":"SUCCESS","description":null,"location":"-easy-upi-payment/com.shreyaspatil.easyupipayment.model/-transaction-status/-s-u-c-c-e-s-s/index.html","searchKeys":["SUCCESS"]},{"name":"com.shreyaspatil.easyupipayment.ui","description":null,"location":"-easy-upi-payment/com.shreyaspatil.easyupipayment.ui/index.html","searchKeys":["com.shreyaspatil.easyupipayment.ui"]},{"name":"PaymentUiActivity","description":null,"location":"-easy-upi-payment/com.shreyaspatil.easyupipayment.ui/-payment-ui-activity/index.html","searchKeys":["PaymentUiActivity"]}]
