[{"name":"ALL","description":"com.shreyaspatil.easyupipayment.model.PaymentApp.ALL","location":"-easy-upi-payment/com.shreyaspatil.easyupipayment.model/-payment-app/-a-l-l/index.html","searchKeys":["ALL","ALL","com.shreyaspatil.easyupipayment.model.PaymentApp.ALL"]},{"name":"AMAZON_PAY","description":"com.shreyaspatil.easyupipayment.model.PaymentApp.AMAZON_PAY","location":"-easy-upi-payment/com.shreyaspatil.easyupipayment.model/-payment-app/-a-m-a-z-o-n_-p-a-y/index.html","searchKeys":["AMAZON_PAY","AMAZON_PAY","com.shreyaspatil.easyupipayment.model.PaymentApp.AMAZON_PAY"]},{"name":"AppNotFoundException AppNotFoundException(String appPackage)","description":"com.shreyaspatil.easyupipayment.exception.AppNotFoundException.AppNotFoundException","location":"-easy-upi-payment/com.shreyaspatil.easyupipayment.exception/-app-not-found-exception/-app-not-found-exception.html","searchKeys":["AppNotFoundException","AppNotFoundException AppNotFoundException(String appPackage)","com.shreyaspatil.easyupipayment.exception.AppNotFoundException.AppNotFoundException"]},{"name":"BHIM_UPI","description":"com.shreyaspatil.easyupipayment.model.PaymentApp.BHIM_UPI","location":"-easy-upi-payment/com.shreyaspatil.easyupipayment.model/-payment-app/-b-h-i-m_-u-p-i/index.html","searchKeys":["BHIM_UPI","BHIM_UPI","com.shreyaspatil.easyupipayment.model.PaymentApp.BHIM_UPI"]},{"name":"EasyUpiPayment.Builder EasyUpiPayment.Builder(Activity activity)","description":"com.shreyaspatil.easyupipayment.EasyUpiPayment.Builder.EasyUpiPayment.Builder","location":"-easy-upi-payment/com.shreyaspatil.easyupipayment/-easy-upi-payment/-builder/-easy-upi-payment.-builder.html","searchKeys":["Builder","EasyUpiPayment.Builder EasyUpiPayment.Builder(Activity activity)","com.shreyaspatil.easyupipayment.EasyUpiPayment.Builder.EasyUpiPayment.Builder"]},{"name":"EasyUpiPayment EasyUpiPayment(Activity mActivity, Payment mPayment)","description":"com.shreyaspatil.easyupipayment.EasyUpiPayment.EasyUpiPayment","location":"-easy-upi-payment/com.shreyaspatil.easyupipayment/-easy-upi-payment/-easy-upi-payment.html","searchKeys":["EasyUpiPayment","EasyUpiPayment EasyUpiPayment(Activity mActivity, Payment mPayment)","com.shreyaspatil.easyupipayment.EasyUpiPayment.EasyUpiPayment"]},{"name":"FAILURE","description":"com.shreyaspatil.easyupipayment.model.TransactionStatus.FAILURE","location":"-easy-upi-payment/com.shreyaspatil.easyupipayment.model/-transaction-status/-f-a-i-l-u-r-e/index.html","searchKeys":["FAILURE","FAILURE","com.shreyaspatil.easyupipayment.model.TransactionStatus.FAILURE"]},{"name":"GOOGLE_PAY","description":"com.shreyaspatil.easyupipayment.model.PaymentApp.GOOGLE_PAY","location":"-easy-upi-payment/com.shreyaspatil.easyupipayment.model/-payment-app/-g-o-o-g-l-e_-p-a-y/index.html","searchKeys":["GOOGLE_PAY","GOOGLE_PAY","com.shreyaspatil.easyupipayment.model.PaymentApp.GOOGLE_PAY"]},{"name":"PAYTM","description":"com.shreyaspatil.easyupipayment.model.PaymentApp.PAYTM","location":"-easy-upi-payment/com.shreyaspatil.easyupipayment.model/-payment-app/-p-a-y-t-m/index.html","searchKeys":["PAYTM","PAYTM","com.shreyaspatil.easyupipayment.model.PaymentApp.PAYTM"]},{"name":"PHONE_PE","description":"com.shreyaspatil.easyupipayment.model.PaymentApp.PHONE_PE","location":"-easy-upi-payment/com.shreyaspatil.easyupipayment.model/-payment-app/-p-h-o-n-e_-p-e/index.html","searchKeys":["PHONE_PE","PHONE_PE","com.shreyaspatil.easyupipayment.model.PaymentApp.PHONE_PE"]},{"name":"PaymentUiActivity PaymentUiActivity()","description":"com.shreyaspatil.easyupipayment.ui.PaymentUiActivity.PaymentUiActivity","location":"-easy-upi-payment/com.shreyaspatil.easyupipayment.ui/-payment-ui-activity/-payment-ui-activity.html","searchKeys":["PaymentUiActivity","PaymentUiActivity PaymentUiActivity()","com.shreyaspatil.easyupipayment.ui.PaymentUiActivity.PaymentUiActivity"]},{"name":"Payment Payment(String currency, String vpa, String name, String payeeMerchantCode, String txnId, String txnRefId, String description, String amount, String defaultPackage)","description":"com.shreyaspatil.easyupipayment.model.Payment.Payment","location":"-easy-upi-payment/com.shreyaspatil.easyupipayment.model/-payment/-payment.html","searchKeys":["Payment","Payment Payment(String currency, String vpa, String name, String payeeMerchantCode, String txnId, String txnRefId, String description, String amount, String defaultPackage)","com.shreyaspatil.easyupipayment.model.Payment.Payment"]},{"name":"SUBMITTED","description":"com.shreyaspatil.easyupipayment.model.TransactionStatus.SUBMITTED","location":"-easy-upi-payment/com.shreyaspatil.easyupipayment.model/-transaction-status/-s-u-b-m-i-t-t-e-d/index.html","searchKeys":["SUBMITTED","SUBMITTED","com.shreyaspatil.easyupipayment.model.TransactionStatus.SUBMITTED"]},{"name":"SUCCESS","description":"com.shreyaspatil.easyupipayment.model.TransactionStatus.SUCCESS","location":"-easy-upi-payment/com.shreyaspatil.easyupipayment.model/-transaction-status/-s-u-c-c-e-s-s/index.html","searchKeys":["SUCCESS","SUCCESS","com.shreyaspatil.easyupipayment.model.TransactionStatus.SUCCESS"]},{"name":"String getMessage()","description":"com.shreyaspatil.easyupipayment.exception.AppNotFoundException.getMessage","location":"-easy-upi-payment/com.shreyaspatil.easyupipayment.exception/-app-not-found-exception/get-message.html","searchKeys":["getMessage","String getMessage()","com.shreyaspatil.easyupipayment.exception.AppNotFoundException.getMessage"]},{"name":"Throwable getCause()","description":"com.shreyaspatil.easyupipayment.exception.AppNotFoundException.getCause","location":"-easy-upi-payment/com.shreyaspatil.easyupipayment.exception/-app-not-found-exception/get-cause.html","searchKeys":["getCause","Throwable getCause()","com.shreyaspatil.easyupipayment.exception.AppNotFoundException.getCause"]},{"name":"TransactionDetails TransactionDetails(String transactionId, String responseCode, String approvalRefNo, TransactionStatus transactionStatus, String transactionRefId, String amount)","description":"com.shreyaspatil.easyupipayment.model.TransactionDetails.TransactionDetails","location":"-easy-upi-payment/com.shreyaspatil.easyupipayment.model/-transaction-details/-transaction-details.html","searchKeys":["TransactionDetails","TransactionDetails TransactionDetails(String transactionId, String responseCode, String approvalRefNo, TransactionStatus transactionStatus, String transactionRefId, String amount)","com.shreyaspatil.easyupipayment.model.TransactionDetails.TransactionDetails"]},{"name":"Unit onActivityResult(Integer requestCode, Integer resultCode, Intent data)","description":"com.shreyaspatil.easyupipayment.ui.PaymentUiActivity.onActivityResult","location":"-easy-upi-payment/com.shreyaspatil.easyupipayment.ui/-payment-ui-activity/on-activity-result.html","searchKeys":["onActivityResult","Unit onActivityResult(Integer requestCode, Integer resultCode, Intent data)","com.shreyaspatil.easyupipayment.ui.PaymentUiActivity.onActivityResult"]},{"name":"abstract Unit onTransactionCancelled()","description":"com.shreyaspatil.easyupipayment.listener.PaymentStatusListener.onTransactionCancelled","location":"-easy-upi-payment/com.shreyaspatil.easyupipayment.listener/-payment-status-listener/on-transaction-cancelled.html","searchKeys":["onTransactionCancelled","abstract Unit onTransactionCancelled()","com.shreyaspatil.easyupipayment.listener.PaymentStatusListener.onTransactionCancelled"]},{"name":"abstract Unit onTransactionCompleted(TransactionDetails transactionDetails)","description":"com.shreyaspatil.easyupipayment.listener.PaymentStatusListener.onTransactionCompleted","location":"-easy-upi-payment/com.shreyaspatil.easyupipayment.listener/-payment-status-listener/on-transaction-completed.html","searchKeys":["onTransactionCompleted","abstract Unit onTransactionCompleted(TransactionDetails transactionDetails)","com.shreyaspatil.easyupipayment.listener.PaymentStatusListener.onTransactionCompleted"]},{"name":"final EasyUpiPayment.Builder setAmount(String amount)","description":"com.shreyaspatil.easyupipayment.EasyUpiPayment.Builder.setAmount","location":"-easy-upi-payment/com.shreyaspatil.easyupipayment/-easy-upi-payment/-builder/set-amount.html","searchKeys":["setAmount","final EasyUpiPayment.Builder setAmount(String amount)","com.shreyaspatil.easyupipayment.EasyUpiPayment.Builder.setAmount"]},{"name":"final EasyUpiPayment.Builder setDescription(String description)","description":"com.shreyaspatil.easyupipayment.EasyUpiPayment.Builder.setDescription","location":"-easy-upi-payment/com.shreyaspatil.easyupipayment/-easy-upi-payment/-builder/set-description.html","searchKeys":["setDescription","final EasyUpiPayment.Builder setDescription(String description)","com.shreyaspatil.easyupipayment.EasyUpiPayment.Builder.setDescription"]},{"name":"final EasyUpiPayment.Builder setPayeeMerchantCode(String merchantCode)","description":"com.shreyaspatil.easyupipayment.EasyUpiPayment.Builder.setPayeeMerchantCode","location":"-easy-upi-payment/com.shreyaspatil.easyupipayment/-easy-upi-payment/-builder/set-payee-merchant-code.html","searchKeys":["setPayeeMerchantCode","final EasyUpiPayment.Builder setPayeeMerchantCode(String merchantCode)","com.shreyaspatil.easyupipayment.EasyUpiPayment.Builder.setPayeeMerchantCode"]},{"name":"final EasyUpiPayment.Builder setPayeeName(String name)","description":"com.shreyaspatil.easyupipayment.EasyUpiPayment.Builder.setPayeeName","location":"-easy-upi-payment/com.shreyaspatil.easyupipayment/-easy-upi-payment/-builder/set-payee-name.html","searchKeys":["setPayeeName","final EasyUpiPayment.Builder setPayeeName(String name)","com.shreyaspatil.easyupipayment.EasyUpiPayment.Builder.setPayeeName"]},{"name":"final EasyUpiPayment.Builder setPayeeVpa(String vpa)","description":"com.shreyaspatil.easyupipayment.EasyUpiPayment.Builder.setPayeeVpa","location":"-easy-upi-payment/com.shreyaspatil.easyupipayment/-easy-upi-payment/-builder/set-payee-vpa.html","searchKeys":["setPayeeVpa","final EasyUpiPayment.Builder setPayeeVpa(String vpa)","com.shreyaspatil.easyupipayment.EasyUpiPayment.Builder.setPayeeVpa"]},{"name":"final EasyUpiPayment.Builder setTransactionId(String id)","description":"com.shreyaspatil.easyupipayment.EasyUpiPayment.Builder.setTransactionId","location":"-easy-upi-payment/com.shreyaspatil.easyupipayment/-easy-upi-payment/-builder/set-transaction-id.html","searchKeys":["setTransactionId","final EasyUpiPayment.Builder setTransactionId(String id)","com.shreyaspatil.easyupipayment.EasyUpiPayment.Builder.setTransactionId"]},{"name":"final EasyUpiPayment.Builder setTransactionRefId(String refId)","description":"com.shreyaspatil.easyupipayment.EasyUpiPayment.Builder.setTransactionRefId","location":"-easy-upi-payment/com.shreyaspatil.easyupipayment/-easy-upi-payment/-builder/set-transaction-ref-id.html","searchKeys":["setTransactionRefId","final EasyUpiPayment.Builder setTransactionRefId(String refId)","com.shreyaspatil.easyupipayment.EasyUpiPayment.Builder.setTransactionRefId"]},{"name":"final EasyUpiPayment.Builder with(PaymentApp paymentApp)","description":"com.shreyaspatil.easyupipayment.EasyUpiPayment.Builder.with","location":"-easy-upi-payment/com.shreyaspatil.easyupipayment/-easy-upi-payment/-builder/with.html","searchKeys":["with","final EasyUpiPayment.Builder with(PaymentApp paymentApp)","com.shreyaspatil.easyupipayment.EasyUpiPayment.Builder.with"]},{"name":"final EasyUpiPayment build()","description":"com.shreyaspatil.easyupipayment.EasyUpiPayment.Builder.build","location":"-easy-upi-payment/com.shreyaspatil.easyupipayment/-easy-upi-payment/-builder/build.html","searchKeys":["build","final EasyUpiPayment build()","com.shreyaspatil.easyupipayment.EasyUpiPayment.Builder.build"]},{"name":"final Integer getOrdinal()","description":"com.shreyaspatil.easyupipayment.model.PaymentApp.getOrdinal","location":"-easy-upi-payment/com.shreyaspatil.easyupipayment.model/-payment-app/get-ordinal.html","searchKeys":["getOrdinal","final Integer getOrdinal()","com.shreyaspatil.easyupipayment.model.PaymentApp.getOrdinal"]},{"name":"final Integer getOrdinal()","description":"com.shreyaspatil.easyupipayment.model.TransactionStatus.getOrdinal","location":"-easy-upi-payment/com.shreyaspatil.easyupipayment.model/-transaction-status/get-ordinal.html","searchKeys":["getOrdinal","final Integer getOrdinal()","com.shreyaspatil.easyupipayment.model.TransactionStatus.getOrdinal"]},{"name":"final Integer getPAYMENT_REQUEST()","description":"com.shreyaspatil.easyupipayment.ui.PaymentUiActivity.Companion.getPAYMENT_REQUEST","location":"-easy-upi-payment/com.shreyaspatil.easyupipayment.ui/-payment-ui-activity/-companion/get-p-a-y-m-e-n-t_-r-e-q-u-e-s-t.html","searchKeys":["getPAYMENT_REQUEST","final Integer getPAYMENT_REQUEST()","com.shreyaspatil.easyupipayment.ui.PaymentUiActivity.Companion.getPAYMENT_REQUEST"]},{"name":"final PaymentApp getPaymentApp()","description":"com.shreyaspatil.easyupipayment.EasyUpiPayment.Builder.getPaymentApp","location":"-easy-upi-payment/com.shreyaspatil.easyupipayment/-easy-upi-payment/-builder/get-payment-app.html","searchKeys":["getPaymentApp","final PaymentApp getPaymentApp()","com.shreyaspatil.easyupipayment.EasyUpiPayment.Builder.getPaymentApp"]},{"name":"final String getAmount()","description":"com.shreyaspatil.easyupipayment.EasyUpiPayment.Builder.getAmount","location":"-easy-upi-payment/com.shreyaspatil.easyupipayment/-easy-upi-payment/-builder/get-amount.html","searchKeys":["getAmount","final String getAmount()","com.shreyaspatil.easyupipayment.EasyUpiPayment.Builder.getAmount"]},{"name":"final String getAmount()","description":"com.shreyaspatil.easyupipayment.model.Payment.getAmount","location":"-easy-upi-payment/com.shreyaspatil.easyupipayment.model/-payment/get-amount.html","searchKeys":["getAmount","final String getAmount()","com.shreyaspatil.easyupipayment.model.Payment.getAmount"]},{"name":"final String getAmount()","description":"com.shreyaspatil.easyupipayment.model.TransactionDetails.getAmount","location":"-easy-upi-payment/com.shreyaspatil.easyupipayment.model/-transaction-details/get-amount.html","searchKeys":["getAmount","final String getAmount()","com.shreyaspatil.easyupipayment.model.TransactionDetails.getAmount"]},{"name":"final String getApprovalRefNo()","description":"com.shreyaspatil.easyupipayment.model.TransactionDetails.getApprovalRefNo","location":"-easy-upi-payment/com.shreyaspatil.easyupipayment.model/-transaction-details/get-approval-ref-no.html","searchKeys":["getApprovalRefNo","final String getApprovalRefNo()","com.shreyaspatil.easyupipayment.model.TransactionDetails.getApprovalRefNo"]},{"name":"final String getCurrency()","description":"com.shreyaspatil.easyupipayment.model.Payment.getCurrency","location":"-easy-upi-payment/com.shreyaspatil.easyupipayment.model/-payment/get-currency.html","searchKeys":["getCurrency","final String getCurrency()","com.shreyaspatil.easyupipayment.model.Payment.getCurrency"]},{"name":"final String getDefaultPackage()","description":"com.shreyaspatil.easyupipayment.model.Payment.getDefaultPackage","location":"-easy-upi-payment/com.shreyaspatil.easyupipayment.model/-payment/get-default-package.html","searchKeys":["getDefaultPackage","final String getDefaultPackage()","com.shreyaspatil.easyupipayment.model.Payment.getDefaultPackage"]},{"name":"final String getDescription()","description":"com.shreyaspatil.easyupipayment.EasyUpiPayment.Builder.getDescription","location":"-easy-upi-payment/com.shreyaspatil.easyupipayment/-easy-upi-payment/-builder/get-description.html","searchKeys":["getDescription","final String getDescription()","com.shreyaspatil.easyupipayment.EasyUpiPayment.Builder.getDescription"]},{"name":"final String getDescription()","description":"com.shreyaspatil.easyupipayment.model.Payment.getDescription","location":"-easy-upi-payment/com.shreyaspatil.easyupipayment.model/-payment/get-description.html","searchKeys":["getDescription","final String getDescription()","com.shreyaspatil.easyupipayment.model.Payment.getDescription"]},{"name":"final String getEXTRA_KEY_PAYMENT()","description":"com.shreyaspatil.easyupipayment.ui.PaymentUiActivity.Companion.getEXTRA_KEY_PAYMENT","location":"-easy-upi-payment/com.shreyaspatil.easyupipayment.ui/-payment-ui-activity/-companion/get-e-x-t-r-a_-k-e-y_-p-a-y-m-e-n-t.html","searchKeys":["getEXTRA_KEY_PAYMENT","final String getEXTRA_KEY_PAYMENT()","com.shreyaspatil.easyupipayment.ui.PaymentUiActivity.Companion.getEXTRA_KEY_PAYMENT"]},{"name":"final String getName()","description":"com.shreyaspatil.easyupipayment.model.Payment.getName","location":"-easy-upi-payment/com.shreyaspatil.easyupipayment.model/-payment/get-name.html","searchKeys":["getName","final String getName()","com.shreyaspatil.easyupipayment.model.Payment.getName"]},{"name":"final String getName()","description":"com.shreyaspatil.easyupipayment.model.PaymentApp.getName","location":"-easy-upi-payment/com.shreyaspatil.easyupipayment.model/-payment-app/get-name.html","searchKeys":["getName","final String getName()","com.shreyaspatil.easyupipayment.model.PaymentApp.getName"]},{"name":"final String getName()","description":"com.shreyaspatil.easyupipayment.model.TransactionStatus.getName","location":"-easy-upi-payment/com.shreyaspatil.easyupipayment.model/-transaction-status/get-name.html","searchKeys":["getName","final String getName()","com.shreyaspatil.easyupipayment.model.TransactionStatus.getName"]},{"name":"final String getPackageName()","description":"com.shreyaspatil.easyupipayment.model.PaymentApp.getPackageName","location":"-easy-upi-payment/com.shreyaspatil.easyupipayment.model/-payment-app/get-package-name.html","searchKeys":["getPackageName","final String getPackageName()","com.shreyaspatil.easyupipayment.model.PaymentApp.getPackageName"]},{"name":"final String getPayeeMerchantCode()","description":"com.shreyaspatil.easyupipayment.EasyUpiPayment.Builder.getPayeeMerchantCode","location":"-easy-upi-payment/com.shreyaspatil.easyupipayment/-easy-upi-payment/-builder/get-payee-merchant-code.html","searchKeys":["getPayeeMerchantCode","final String getPayeeMerchantCode()","com.shreyaspatil.easyupipayment.EasyUpiPayment.Builder.getPayeeMerchantCode"]},{"name":"final String getPayeeMerchantCode()","description":"com.shreyaspatil.easyupipayment.model.Payment.getPayeeMerchantCode","location":"-easy-upi-payment/com.shreyaspatil.easyupipayment.model/-payment/get-payee-merchant-code.html","searchKeys":["getPayeeMerchantCode","final String getPayeeMerchantCode()","com.shreyaspatil.easyupipayment.model.Payment.getPayeeMerchantCode"]},{"name":"final String getPayeeName()","description":"com.shreyaspatil.easyupipayment.EasyUpiPayment.Builder.getPayeeName","location":"-easy-upi-payment/com.shreyaspatil.easyupipayment/-easy-upi-payment/-builder/get-payee-name.html","searchKeys":["getPayeeName","final String getPayeeName()","com.shreyaspatil.easyupipayment.EasyUpiPayment.Builder.getPayeeName"]},{"name":"final String getPayeeVpa()","description":"com.shreyaspatil.easyupipayment.EasyUpiPayment.Builder.getPayeeVpa","location":"-easy-upi-payment/com.shreyaspatil.easyupipayment/-easy-upi-payment/-builder/get-payee-vpa.html","searchKeys":["getPayeeVpa","final String getPayeeVpa()","com.shreyaspatil.easyupipayment.EasyUpiPayment.Builder.getPayeeVpa"]},{"name":"final String getResponseCode()","description":"com.shreyaspatil.easyupipayment.model.TransactionDetails.getResponseCode","location":"-easy-upi-payment/com.shreyaspatil.easyupipayment.model/-transaction-details/get-response-code.html","searchKeys":["getResponseCode","final String getResponseCode()","com.shreyaspatil.easyupipayment.model.TransactionDetails.getResponseCode"]},{"name":"final String getTAG()","description":"com.shreyaspatil.easyupipayment.EasyUpiPayment.Companion.getTAG","location":"-easy-upi-payment/com.shreyaspatil.easyupipayment/-easy-upi-payment/-companion/get-t-a-g.html","searchKeys":["getTAG","final String getTAG()","com.shreyaspatil.easyupipayment.EasyUpiPayment.Companion.getTAG"]},{"name":"final String getTAG()","description":"com.shreyaspatil.easyupipayment.ui.PaymentUiActivity.Companion.getTAG","location":"-easy-upi-payment/com.shreyaspatil.easyupipayment.ui/-payment-ui-activity/-companion/get-t-a-g.html","searchKeys":["getTAG","final String getTAG()","com.shreyaspatil.easyupipayment.ui.PaymentUiActivity.Companion.getTAG"]},{"name":"final String getTransactionId()","description":"com.shreyaspatil.easyupipayment.EasyUpiPayment.Builder.getTransactionId","location":"-easy-upi-payment/com.shreyaspatil.easyupipayment/-easy-upi-payment/-builder/get-transaction-id.html","searchKeys":["getTransactionId","final String getTransactionId()","com.shreyaspatil.easyupipayment.EasyUpiPayment.Builder.getTransactionId"]},{"name":"final String getTransactionId()","description":"com.shreyaspatil.easyupipayment.model.TransactionDetails.getTransactionId","location":"-easy-upi-payment/com.shreyaspatil.easyupipayment.model/-transaction-details/get-transaction-id.html","searchKeys":["getTransactionId","final String getTransactionId()","com.shreyaspatil.easyupipayment.model.TransactionDetails.getTransactionId"]},{"name":"final String getTransactionRefId()","description":"com.shreyaspatil.easyupipayment.EasyUpiPayment.Builder.getTransactionRefId","location":"-easy-upi-payment/com.shreyaspatil.easyupipayment/-easy-upi-payment/-builder/get-transaction-ref-id.html","searchKeys":["getTransactionRefId","final String getTransactionRefId()","com.shreyaspatil.easyupipayment.EasyUpiPayment.Builder.getTransactionRefId"]},{"name":"final String getTransactionRefId()","description":"com.shreyaspatil.easyupipayment.model.TransactionDetails.getTransactionRefId","location":"-easy-upi-payment/com.shreyaspatil.easyupipayment.model/-transaction-details/get-transaction-ref-id.html","searchKeys":["getTransactionRefId","final String getTransactionRefId()","com.shreyaspatil.easyupipayment.model.TransactionDetails.getTransactionRefId"]},{"name":"final String getTxnId()","description":"com.shreyaspatil.easyupipayment.model.Payment.getTxnId","location":"-easy-upi-payment/com.shreyaspatil.easyupipayment.model/-payment/get-txn-id.html","searchKeys":["getTxnId","final String getTxnId()","com.shreyaspatil.easyupipayment.model.Payment.getTxnId"]},{"name":"final String getTxnRefId()","description":"com.shreyaspatil.easyupipayment.model.Payment.getTxnRefId","location":"-easy-upi-payment/com.shreyaspatil.easyupipayment.model/-payment/get-txn-ref-id.html","searchKeys":["getTxnRefId","final String getTxnRefId()","com.shreyaspatil.easyupipayment.model.Payment.getTxnRefId"]},{"name":"final String getVpa()","description":"com.shreyaspatil.easyupipayment.model.Payment.getVpa","location":"-easy-upi-payment/com.shreyaspatil.easyupipayment.model/-payment/get-vpa.html","searchKeys":["getVpa","final String getVpa()","com.shreyaspatil.easyupipayment.model.Payment.getVpa"]},{"name":"final TransactionStatus getTransactionStatus()","description":"com.shreyaspatil.easyupipayment.model.TransactionDetails.getTransactionStatus","location":"-easy-upi-payment/com.shreyaspatil.easyupipayment.model/-transaction-details/get-transaction-status.html","searchKeys":["getTransactionStatus","final TransactionStatus getTransactionStatus()","com.shreyaspatil.easyupipayment.model.TransactionDetails.getTransactionStatus"]},{"name":"final Unit removePaymentStatusListener()","description":"com.shreyaspatil.easyupipayment.EasyUpiPayment.removePaymentStatusListener","location":"-easy-upi-payment/com.shreyaspatil.easyupipayment/-easy-upi-payment/remove-payment-status-listener.html","searchKeys":["removePaymentStatusListener","final Unit removePaymentStatusListener()","com.shreyaspatil.easyupipayment.EasyUpiPayment.removePaymentStatusListener"]},{"name":"final Unit setAmount(String amount)","description":"com.shreyaspatil.easyupipayment.model.Payment.setAmount","location":"-easy-upi-payment/com.shreyaspatil.easyupipayment.model/-payment/set-amount.html","searchKeys":["setAmount","final Unit setAmount(String amount)","com.shreyaspatil.easyupipayment.model.Payment.setAmount"]},{"name":"final Unit setCurrency(String currency)","description":"com.shreyaspatil.easyupipayment.model.Payment.setCurrency","location":"-easy-upi-payment/com.shreyaspatil.easyupipayment.model/-payment/set-currency.html","searchKeys":["setCurrency","final Unit setCurrency(String currency)","com.shreyaspatil.easyupipayment.model.Payment.setCurrency"]},{"name":"final Unit setDefaultPackage(String defaultPackage)","description":"com.shreyaspatil.easyupipayment.model.Payment.setDefaultPackage","location":"-easy-upi-payment/com.shreyaspatil.easyupipayment.model/-payment/set-default-package.html","searchKeys":["setDefaultPackage","final Unit setDefaultPackage(String defaultPackage)","com.shreyaspatil.easyupipayment.model.Payment.setDefaultPackage"]},{"name":"final Unit setDescription(String description)","description":"com.shreyaspatil.easyupipayment.model.Payment.setDescription","location":"-easy-upi-payment/com.shreyaspatil.easyupipayment.model/-payment/set-description.html","searchKeys":["setDescription","final Unit setDescription(String description)","com.shreyaspatil.easyupipayment.model.Payment.setDescription"]},{"name":"final Unit setName(String name)","description":"com.shreyaspatil.easyupipayment.model.Payment.setName","location":"-easy-upi-payment/com.shreyaspatil.easyupipayment.model/-payment/set-name.html","searchKeys":["setName","final Unit setName(String name)","com.shreyaspatil.easyupipayment.model.Payment.setName"]},{"name":"final Unit setPayeeMerchantCode(String payeeMerchantCode)","description":"com.shreyaspatil.easyupipayment.model.Payment.setPayeeMerchantCode","location":"-easy-upi-payment/com.shreyaspatil.easyupipayment.model/-payment/set-payee-merchant-code.html","searchKeys":["setPayeeMerchantCode","final Unit setPayeeMerchantCode(String payeeMerchantCode)","com.shreyaspatil.easyupipayment.model.Payment.setPayeeMerchantCode"]},{"name":"final Unit setPaymentStatusListener(PaymentStatusListener mListener)","description":"com.shreyaspatil.easyupipayment.EasyUpiPayment.setPaymentStatusListener","location":"-easy-upi-payment/com.shreyaspatil.easyupipayment/-easy-upi-payment/set-payment-status-listener.html","searchKeys":["setPaymentStatusListener","final Unit setPaymentStatusListener(PaymentStatusListener mListener)","com.shreyaspatil.easyupipayment.EasyUpiPayment.setPaymentStatusListener"]},{"name":"final Unit setTxnId(String txnId)","description":"com.shreyaspatil.easyupipayment.model.Payment.setTxnId","location":"-easy-upi-payment/com.shreyaspatil.easyupipayment.model/-payment/set-txn-id.html","searchKeys":["setTxnId","final Unit setTxnId(String txnId)","com.shreyaspatil.easyupipayment.model.Payment.setTxnId"]},{"name":"final Unit setTxnRefId(String txnRefId)","description":"com.shreyaspatil.easyupipayment.model.Payment.setTxnRefId","location":"-easy-upi-payment/com.shreyaspatil.easyupipayment.model/-payment/set-txn-ref-id.html","searchKeys":["setTxnRefId","final Unit setTxnRefId(String txnRefId)","com.shreyaspatil.easyupipayment.model.Payment.setTxnRefId"]},{"name":"final Unit setVpa(String vpa)","description":"com.shreyaspatil.easyupipayment.model.Payment.setVpa","location":"-easy-upi-payment/com.shreyaspatil.easyupipayment.model/-payment/set-vpa.html","searchKeys":["setVpa","final Unit setVpa(String vpa)","com.shreyaspatil.easyupipayment.model.Payment.setVpa"]},{"name":"final Unit startPayment()","description":"com.shreyaspatil.easyupipayment.EasyUpiPayment.startPayment","location":"-easy-upi-payment/com.shreyaspatil.easyupipayment/-easy-upi-payment/start-payment.html","searchKeys":["startPayment","final Unit startPayment()","com.shreyaspatil.easyupipayment.EasyUpiPayment.startPayment"]},{"name":"public class Companion","description":"com.shreyaspatil.easyupipayment.EasyUpiPayment.Companion","location":"-easy-upi-payment/com.shreyaspatil.easyupipayment/-easy-upi-payment/-companion/index.html","searchKeys":["Companion","public class Companion","com.shreyaspatil.easyupipayment.EasyUpiPayment.Companion"]},{"name":"public class Companion","description":"com.shreyaspatil.easyupipayment.ui.PaymentUiActivity.Companion","location":"-easy-upi-payment/com.shreyaspatil.easyupipayment.ui/-payment-ui-activity/-companion/index.html","searchKeys":["Companion","public class Companion","com.shreyaspatil.easyupipayment.ui.PaymentUiActivity.Companion"]},{"name":"public enum PaymentApp extends Enum<PaymentApp>","description":"com.shreyaspatil.easyupipayment.model.PaymentApp","location":"-easy-upi-payment/com.shreyaspatil.easyupipayment.model/-payment-app/index.html","searchKeys":["PaymentApp","public enum PaymentApp extends Enum<PaymentApp>","com.shreyaspatil.easyupipayment.model.PaymentApp"]},{"name":"public enum TransactionStatus extends Enum<TransactionStatus>","description":"com.shreyaspatil.easyupipayment.model.TransactionStatus","location":"-easy-upi-payment/com.shreyaspatil.easyupipayment.model/-transaction-status/index.html","searchKeys":["TransactionStatus","public enum TransactionStatus extends Enum<TransactionStatus>","com.shreyaspatil.easyupipayment.model.TransactionStatus"]},{"name":"public final class AppNotFoundException extends Exception","description":"com.shreyaspatil.easyupipayment.exception.AppNotFoundException","location":"-easy-upi-payment/com.shreyaspatil.easyupipayment.exception/-app-not-found-exception/index.html","searchKeys":["AppNotFoundException","public final class AppNotFoundException extends Exception","com.shreyaspatil.easyupipayment.exception.AppNotFoundException"]},{"name":"public final class Builder","description":"com.shreyaspatil.easyupipayment.EasyUpiPayment.Builder","location":"-easy-upi-payment/com.shreyaspatil.easyupipayment/-easy-upi-payment/-builder/index.html","searchKeys":["Builder","public final class Builder","com.shreyaspatil.easyupipayment.EasyUpiPayment.Builder"]},{"name":"public final class EasyUpiPayment","description":"com.shreyaspatil.easyupipayment.EasyUpiPayment","location":"-easy-upi-payment/com.shreyaspatil.easyupipayment/-easy-upi-payment/index.html","searchKeys":["EasyUpiPayment","public final class EasyUpiPayment","com.shreyaspatil.easyupipayment.EasyUpiPayment"]},{"name":"public final class EasyUpiPaymentKt","description":"com.shreyaspatil.easyupipayment.EasyUpiPaymentKt","location":"-easy-upi-payment/com.shreyaspatil.easyupipayment/-easy-upi-payment-kt/index.html","searchKeys":["EasyUpiPaymentKt","public final class EasyUpiPaymentKt","com.shreyaspatil.easyupipayment.EasyUpiPaymentKt"]},{"name":"public final class Payment implements Serializable","description":"com.shreyaspatil.easyupipayment.model.Payment","location":"-easy-upi-payment/com.shreyaspatil.easyupipayment.model/-payment/index.html","searchKeys":["Payment","public final class Payment implements Serializable","com.shreyaspatil.easyupipayment.model.Payment"]},{"name":"public final class PaymentUiActivity extends AppCompatActivity","description":"com.shreyaspatil.easyupipayment.ui.PaymentUiActivity","location":"-easy-upi-payment/com.shreyaspatil.easyupipayment.ui/-payment-ui-activity/index.html","searchKeys":["PaymentUiActivity","public final class PaymentUiActivity extends AppCompatActivity","com.shreyaspatil.easyupipayment.ui.PaymentUiActivity"]},{"name":"public final class TransactionDetails","description":"com.shreyaspatil.easyupipayment.model.TransactionDetails","location":"-easy-upi-payment/com.shreyaspatil.easyupipayment.model/-transaction-details/index.html","searchKeys":["TransactionDetails","public final class TransactionDetails","com.shreyaspatil.easyupipayment.model.TransactionDetails"]},{"name":"public interface PaymentStatusListener","description":"com.shreyaspatil.easyupipayment.listener.PaymentStatusListener","location":"-easy-upi-payment/com.shreyaspatil.easyupipayment.listener/-payment-status-listener/index.html","searchKeys":["PaymentStatusListener","public interface PaymentStatusListener","com.shreyaspatil.easyupipayment.listener.PaymentStatusListener"]}]
